[
  {
    "inputs": [{ "internalType": "contract VBNB", "name": "vBnb_", "type": "address" }],
    "payable": false,
    "stateMutability": "nonpayable",
    "type": "constructor"
  },
  {
    "constant": false,
    "inputs": [{ "internalType": "address", "name": "borrower", "type": "address" }],
    "name": "repayBehalf",
    "outputs": [],
    "payable": true,
    "stateMutability": "payable",
    "type": "function"
  },
  {
    "constant": false,
    "inputs": [
      { "internalType": "address", "name": "borrower", "type": "address" },
      { "internalType": "contract VBNB", "name": "vBnb_", "type": "address" }
    ],
    "name": "repayBehalfExplicit",
    "outputs": [],
    "payable": true,
    "stateMutability": "payable",
    "type": "function"
  },
  {
    "constant": true,
    "inputs": [],
    "name": "vBnb",
    "outputs": [{ "internalType": "contract VBNB", "name": "", "type": "address" }],
    "payable": false,
    "stateMutability": "view",
    "type": "function"
  }
]
